"source_db";"source_id";"doi";"title";"authors";"journal";"year";"volume";"issue";"pages";"issn";"abstract";"keywords";"mesh_terms";"matched_disasters_mesh";"matched_gestational_mesh";"matched_neonatal_mesh";"language";"publication_type";"url"
"bvs";"";"10.24265/horizmed.2025.v25n1.18";"Diagnóstico prenatal de nudo verdadero de cordón: reporte de caso";"Rafaelano Miranda, Alexander de J.; Salazar Oroz, Azucena; Bejarano Velázquez, Didilia E.; Pacheco Antonio, Carlos Uriel; Contreras Enríquez, Jesús Artemio";"Horiz. med. (Impresa)";"2025";"25";"1";"3322-3322";"1727-558X";"RESUMEN El nudo verdadero de cordón umbilical tiene una incidencia al nacimiento de hasta 1,22 %. En la ecografía prenatal, se puede encontrar un patrón en hoja de trébol, el signo de la soga colgante, bucle fijo, lazo de cordón o signo del ciclón. Se reporta el caso clínico de diagnóstico prenatal de nudo verdadero de cordón con buenos resultados perinatales. Se presenta el caso de una paciente de 28 años con 33,1 semanas de gestación. En la ecografía se encuentra patrón de trébol, signo de la soga colgante y bucle fijo en cordón umbilical, corroborando por Doppler color e imágenes 3D la sospecha de nudo verdadero de cordón. Se realizó seguimiento semanal con Doppler y prueba sin estrés. Se programó una cesárea a las 37 semanas, en la que se obtuvo un recién nacido de 2870 gramos y 47 cm, sin signos de asfixia. Al nacimiento se corroboró el diagnóstico. La ecografía en tres y cuatro dimensiones ha demostrado ser un método confiable para el diagnóstico, con una sensibilidad de 87,5 %, especificidad de 99,6 % y precisión de 96,9 %. El nudo verdadero se asocia a desenlaces neonatales adversos incluidos acidosis fetal, meconio en líquido amniótico, parto prematuro, Apgar bajo al minuto, mayor riesgo de ingreso a cuidados neonatales y una tasa de muerte fetal hasta cuatro a ocho veces mayor antes del parto. El hallazgo incidental de nudo verdadero genera un dilema tanto para la paciente como para el obstetra, sobre todo porque, hasta el momento, su vigilancia, manejo, momento y forma de la resolución del embarazo no tienen un enfoque basado en la evidencia. Con el avance tecnológico y el aumento del número de especialistas en medicina materno-fetal que utilizan técnicas ecográficas y la atención especial a la patología del cordón umbilical, puede aumentarse la tasa de detección prenatal, contribuyendo a disminuir la morbimortalidad perinatal repentina e imprevista.";"Cordón Umbilical; Diagnóstico Prenatal; Prenatal Diagnosis; Ultrasonics; Ultrasonido; Umbilical Cord";"";"";"";"";"es";"JOUR";"http://www.scielo.org.pe/scielo.php?script=sci_arttext&pid=S1727-558X2025000100018"
"bvs";"";"10.9789/2175-5361.rpcfo.v17.14062";"Exposição à fumaça de incêndios florestais durante a gravidez e resultados perinatais: uma revisão integrativa";"Bello, Thayssa Cristina da Silva; Petry, Ana Cristina; Marques, Rejane Côrrea";"Rev. Pesqui. (Univ. Fed. Estado Rio J., Online)";"2025";"17";"";"e14062-e14062";"2175-5361";"Objetivo: identificar e analisar as evidências científicas publicadas sobre os efeitos da exposição à fumaça de incêndios florestais nos resultados perinatais. Método: revisão integrativa realizada entre novembro de 2023 e janeiro de 2024, com busca nas bases de dados PUBMED, Web of Science, Scientific Electronic Library Online (Scielo), Biblioteca Virtual de Saúde (BVS), com seleção de 16 estudos. Resultados: a exposição à fumaça de incêndios florestais mostrou-se associada a partos prematuros, baixo peso ao nascer e até mesmo morte fetal. Conclusão: os achados evidenciam a necessidade de estratégias públicas que minimizem os riscos à saúde materno-infantil em contextos de incêndios florestais.";"Air pollutants; Exposição materna; Gravidez; Incêndios florestais; Maternal exposure; Poluentes atmosféricos; Pregnancy; Wildfires";"";"";"";"";"pt";"JOUR";"https://seer.unirio.br/cuidadofundamental/article/view/14062/13436"
"bvs";"";"10.7705/biomedica.8068";"Health effects of wildfire PM2.5 in Latin American cities: A rapid systematic review and comparative synthesis";"Malagón-Rojas, Jeadran; Chen, Kai; Malagon-Rojas, Jeadran";"Biomédica (Bogotá)";"2025";"45";"Supl. 2";"41-55";"0120-4157";"Introduction. Wildfire activity is intensifying in Latin America due to climate and land-use changes, but the health impacts of wildfire-derived PM2.5 in urban areas remain poorly quantified and recognized. Objective. To assess the evidence on wildfire-related PM2.5 and its association with mortality and morbidity in Latin American cities.  Materials and methods. We conducted a rapid systematic review and meta-analysis following PRISMA guidelines, using data from PubMed, Scopus, and Bireme. One reviewer independently screened 163 articles and extracted data from 14 eligible studies. A risk of bias assessment was conducted using the Newcastle-Ottawa Scale. Results. Most studies were conducted in Brazil (n = 12) and used time-series or modelling designs to estimate health risks. Wildfire-specific PM2.5 exposure was associated with all-cause, cardiovascular, and respiratory mortality. Reported effect estimates ranged from 1.7 to 7.7% increases in risk per 10 µg/m³ of exposure. Other studies assessed preterm birth, COVID-19 outcomes, and site-specific cancers. While two studies provided harmonized RR estimates for all-cause mortality, high heterogeneity and methodological differences prevented formal meta-analysis. Conclusion. Wildfire smoke contributes measurably to premature mortality in Latin America, but current evidence is unevenly distributed across regions, time periods, and population subgroups. Studies rarely capture the disproportionate risks faced by indigenous and rural communities or the intraurban disparities linked to poverty and geography. Future research should focus on the health burden of morbidity linked to wildfire PM";"Latin America; Latinoamérica; cambio climático; climate change; incendios forestales; material particulado; morbidity; morbilidad; mortalidad; mortality; particulate matter; wildfires";"";"";"";"";"en";"JOUR";"https://revistabiomedica.org/index.php/biomedica/article/view/8068"
"bvs";"";"";"Associação entre queima de biomassa e baixo peso ao nascer: Uma análise de tendência espacial e temporal";"Marques, Márcio Candeias";"";"2023";"";"";"85 f-85 f";"";"Este estudo foi conduzido para investigar a relação entre a exposição da queima de biomassa e o baixo peso ao nascer (BPN), uma condição que pode ter consequências duradouras para o desenvolvimento e saúde infantil. Dada a frequência das queimadas no Brasil, especialmente no bioma Cerrado, uma compreensão mais profunda dessa associação é crucial para o desenvolvimento de políticas de saúde materno-infantil e estratégias de mitigação ambiental que possam proteger as gestantes e seus fetos dos efeitos deletérios da poluição do ar resultante de incêndios florestais. Foi utilizado dados do Sistema de Informações sobre Nascidos Vivos (SINASC) para avaliar a associação entre a exposição a queimadas de biomassa no estado do Mato Grosso, de 2010 a 2021, e o baixo peso ao nascer (BPN) em nível municipal. Durante o período estudado, foram registrados 660.795 nascidos vivos no estado do Mato Grosso. Às queimadas foram monitoradas por imagens de satélite Landsat 7 e 8. Foi empregado modelo misto binomial longitudinal para estimar o risco de BPN por trimestre de gestação a exposição das queimadas de biomassa. Foi realizada uma análise espacial descritiva por meio do Índice de Moran Local (LISA) entre as áreas queimadas que mostrou a formação de clusters. Foram propostos modelos mistos para áreas de queimadas de 450 km², 400 km² e 350 km² por município de residência da gestante, ajustados por confundidores (covariáveis) disponíveis no SINASC, além de mês e ano. Uma associação significativa foi encontrada apenas no primeiro trimestre de gestação, com uma razão de chance (OR) para BPN de 1,063 (IC 95% 1,006;1,123) para o modelo de 400 km² e de 1,061 (IC 95% 1,001;1,123) para o modelo de 450 km². O modelo para a área de queimada de 350 km² apresentou razão de chance de 1,044 (IC 95% 0,991; 1,100), o qual não foi estatisticamente significativo. Para o intercepto aleatório no nível do município, o maior risco estimado foi de 0,375 (IC 95% 0,215;0,535). A análise da autocorrelação espacial pelo Índice de Moran não mostrou significância para as taxas padronizadas de BPN nos anos de 2010, 2015 e 2021, com valores de -0,015 (p-valor 0,472), 0,138 (p-valor 0,05) e 0,023 (p-valor 0,275), respectivamente. Para a área de queimada (exposição), a correlação espacial foi de 0,492 (p-valor 0,001) em 2010, 0,387 (p-valor 0,001) em 2015 e 0,263 (p-valor 0,001) em 2021. Os resultados deste estudo indicam que o entendimento dos efeitos das queimadas de biomassa sobre o baixo peso ao nascer (BPN), destacando uma correlação entre a exposição a queimadas no primeiro trimestre da gestação e um aumento no risco de BPN. Os resultados destacam a importância da qualidade do ar para a saúde neonatal e pode servir de base para políticas públicas mais eficazes de saúde materna e ambiental, buscando reduzir a exposição a poluentes durante períodos críticos da gestação (AU)";"Correlação espacial; baixo peso ao nascer; binomial mixed model; biomass; biomassa; forest fires; incêndios florestais; low birth weight; modelo misto binomial; spatial correlation";"";"";"";"";"pt";"GEN";"http://www.bdtd.uerj.br/handle/1/23421"
"bvs";"";"";"Infecciones producto de catéter venoso central y factores asociados en neonatos del Hospital José Carrasco Arteaga";"Domínguez Ortega, José; Sandoya Maza, Kimberly; Sarango Vivanco, Rebeca; Salazar Torres, Zoila Katherine";"Vive (El Alto)";"2021";"4";"12";"";"2664-3243";"Resumen La utilización de dispositivos intravasculares centrales para la administración de diversas sustancias los ha convertido en una herramienta esencial dentro del área de neonatología, sin embargo, su uso ha llevado al desarrollo de complicaciones infecciosas las cuales son cada vez más frecuentes. Objetivo . Determinar la prevalencia de infecciones producto de catéter venoso central y sus factores asociados en neonatos del Hospital José Carrasco Arteaga durante los años 2013 a 2018. Materiales y métodos . Es un estudio cuantitativo analítico de cohorte longitudinal retrospectivo. La población estuvo conformada por las historias clínicas de neonatos a los cuales se les coloco catéter venoso central, según datos obtenidos del departamento de estadística del Hospital ""José Carrasco Arteaga"". El tamaño de la muestra fue calculado por un muestreo simple aleatorizado mediante el programa Epidat v4.2, con un nivel de confianza del 95%, se obtuvo un tamaño de muestra de 172 neonatos. Para el análisis se utilizó estadística descriptiva. Resultados. Se determina una prevalencia de 56 neonatos con infección producto del uso de catéter venoso central equivalente al 32.6%, predominando como agente etiológico causal el Estafilococo epidermidis; durante la realización del estudio, la prematuridad, el bajo peso al nacer y el tiempo de uso de catéter por más de 15 días son los factores que más se asocian con la infección. Conclusión. Se demostró que el bajo peso al nacer, neonatos pretérmino y el uso de catéter por más de 15 días son uno de los factores predisponentes.";"Cateter venoso central; Catéter venoso central; Central venous catheter; Factores de riesgo; Fatores de risco; Infección; Infection; Infecção; Prevalence; Prevalencia; Prevalência; Risk factors";"";"";"";"";"es";"JOUR";"http://www.scielo.org.bo/scielo.php?script=sci_arttext&pid=S2664-32432021000300200&lng=en&nrm=iso&tlng=en"
"bvs";"";"10.11606/s1518-8787.2020054002065";"Factors associated with low birthweight: a case-control study in a city of Minas Gerais";"Defilipo, Érica Cesário; Chagas, Paula Silva de Carvalho; Peraro-Nascimento, Andreia; Ribeiro, Luiz Cláudio";"Rev. saúde pública (Online)";"2020";"54";"";"71-71";"1518-8787";"ABSTRACT  OBJECTIVE  To analyze the many factors regarding socioeconomic and healthcare-related variables linked to maternal diseases and the possible impact of the environmental disaster of Mariana, given the prenatal exposure to different water sources for human consumption that were associated with low birthweight in full-term live births in the Municipal Hospital of Governador Valadares, Minas Gerais.  METHODS  Case-control study, carried out with live births at the Municipal Hospital of Governador Valadares, from May 2017 to July 2018. The case group consisted of full-term live births and low birthweight, and the control group consisted of full-term live births with adequate weight, matched by gender and date of birth. For each case, two controls were selected. Data collection was performed through interviews with the puerperal women, and complementary information was obtained by analyzing the prenatal card and medical records. For data analysis, logistic regression was performed.  RESULTS  The study included 65 live births from the case group and 130 from the control group. After the analysis was adjusted for other factors under study, we found that the higher risks of low birthweight are associated with the first childbirth (OR = 2.033; 95%CI = 1.047-3.948; p = 0.036), smoking during pregnancy (OR = 2.850; 95%CI = 1.013-8.021; p = 0.047) and consumption of water supplied by the municipalities affected by the tailings from the Fundão dam failure (RC = 2.444; 95%CI = 1.203-4.965; p = 0.013).  CONCLUSIONS  The variables ""water consumed during pregnancy,"" ""previous pregnancies"" and ""maternal smoking"" were associated with low birthweight in the population studied. The importance of epidemiological studies that assess water quality and its adverse health effects is reinforced, as well as greater prenatal control of first-time pregnant women and greater support of policies against smoking, especially during pregnancy.";"Case Studies and Controls; Environmental Exposure; Estudos de Casos e Controles; Exposição Ambiental; Fatores Socioeconômicos; Fatores de Risco; Low Birth Weight Infant; Maternal and Child Health; Recém-Nascido de Baixo Peso; Risk Factors; Saúde Materno-Infantil; Socioeconomic Factors";"";"";"";"";"en";"JOUR";"http://www.scielosp.org/scielo.php?script=sci_arttext&pid=S0034-89102020000100252"
"bvs";"";"";"Contributions of newborn temperature and height to Apgar index in parturient users of multiple drugs of abuse during pregnancy";"Oliveira, Cely; Peres, Giovani Bravin; Bernardi, Maria Martha";"J. Health Sci. Inst";"2019";"37";"4";"360-366";"0104-1894";"Objective ­ To relate anthropometric data of newborns of drug-using mothers to their children's Apgar score at birth to allow rapid intervention, if necessary. Although the Apgar has become a standard routine in assessing newborns' conditions, other variables could contribute to this index to allow rapid interventions immediately after the delivery of the newborn. Method ­ A group of mother's users of tobacco, alcohol, marijuana and/ or crack-cocaine drugs during pregnancy were selected and scores were given, taking into account the type of drug, number of drugs and their associations. At birth, the anthropometric data and the Apgar index at 1 and 5 min. were evaluated in the newborns. Statistical correlation between maternal score of dependence, the anthropometric newborn data and the Apgar index were performed. Results ­ A high correlation between the Apgar index at 1 min., the maternal score of drug dependence, the newborn's height and temperature was obtained. The coefficient of determination adjusted by Stein's equation of predictors of these variables with confidence intervals of 95% were: 1) height- 36%, 2) temperature ­ 25,7%; 3) maternal dependence -51.2%. Conclusions ­ At delivery, the height and temperature associated to the Apgar index of a newborn from mothers addicted to drugs can predict more intense care soon after birth, avoiding neonatal losses";"Child; Criança; Drogas ilícitas; Gravidez; Illicit drugs; Neonato; Newborn; Pregnancy";"";"";"";"";"en";"JOUR";"https://repositorio.unip.br/wp-content/uploads/2020/12/11V37_n4_2019_p360a366.pdf"
"bvs";"";"";"Perfil das mães imigrantes internacionais residentes no município de São Paulo";"Ferreira, Érica Karoline";"";"2019";"";"";"104-104";"";"Introdução: A imigração tem se tornado um grande desafio, o que exige, tanto dos países de origem quanto dos países receptores, esforços constantes em responder às necessidades dessas populações. Atualmente o município de São Paulo, polo de empregos, é um grande receptor de imigrantes, com grande volume de mulheres em idade reprodutiva. Sendo essas populações mais vulneráveis devido à dificuldade do acesso à saúde, por barreiras linguísticas e culturais, faz-se necessário um maior enfoque na saúde reprodutiva dessas mulheres. Objetivos: Analisar se existem diferenças na gestação, parto e nascidos vivos (NV) de imigrantes em comparação às brasileiras, segundo naturalidade. Métodos: Foi realizado um estudo transversal sobre nascidos vivos no município de São Paulo, entre 2012 e 2017, a partir dos dados do Sistema de Informações sobre Nascidos Vivos (Sinasc). Foram comparadas as características de mães imigrantes e brasileiras; foi analisada a evolução de NV de 11 nacionalidades, e para cinco (Bolívia, China, Paraguai, Angola e Peru) foram comparadas suas características com as brasileiras. Foram utilizadas medidas de tendência central e proporções e calculado teste de qui-quadrado com nível de significância de 5% Foram utilizados os softwares Excel e SPSS 17.0. Resultados: Do total de 998.205 NV, 3% são filhos de mães imigrantes. Não houve diferenças entre a idade média das mães imigrantes e brasileiras. Foi mais frequente entre as brasileiras: mães adolescentes (13,0%), idade >=35 anos (18,4%), ensino superior completo/incompleto (28,0%), raça/cor branca (50,7%), parto cesáreo (53,5%), >=7 consultas de pré-natal (77,1%), início precoce ao pré-natal (83,3%), baixo peso ao nascer (9,7%) e pré-termo (11,0%); todas as diferenças estatisticamente significantes (P<0,001). Entre as mães imigrantes foi maior: nenhuma ou baixa escolaridade (24,4%), ter companheiro (57,2%), multíparas (65,7%), com 1 ou mais gestações anteriores (65,6%), parto vaginal (65,7%), <=3 consultas de pré-natal (11,6%), início tardio ao pré-natal (7º mês em diante, 7%). Por nacionalidade destacaram-se maiores proporções de adolescentes entre bolivianas (13,1%), paraguaias (13,1%) e brasileiras (13,0%); as mães angolanas com ensino superior completo/incompleto (37,1%), multíparas (78,2%), 1 ou mais perdas fetais/aborto (33,0%), início tardio ao pré-natal (12,0%), <=3 consultas de pré- natal (17,6%), pré-termo (16,4%) e baixo peso ao nascer (14,9%). Entre as mães bolivianas, encontraram-se maiores proporções de parto vaginal (77,0%) e domiciliar (1,6%), RN pós-termo (3,6%) e peso >4000g (13,6%). Conclusão: Foram encontradas diferenças nos perfis das mães brasileiras e imigrantes segundo características sociodemográficas, da gestação, do parto e de nascidos vivos, assim como entre as diferentes nacionalidades das mães. É recomendável pensar em políticas públicas específicas para abranger os diferentes aspectos culturais dos diferentes grupos de mães, visando ampliar o acesso e obter melhores resultados para sua saúde reprodutiva.";"";"";"";"";"";"pt";"GEN";"http://www.teses.usp.br/teses/disponiveis/6/6143/tde-30082019-090533/"
"bvs";"";"";"Perfil epidemiológico das gestantes HIV positivas e de seus recém-nascidos em um hospital de referência no interior do Rio Grande do Sul no período de 2012-2013";"Ziebell, Nágila Simon; Feil, Angélica Cristine; Renner, Fabiani Waechter";"Rev. AMRIGS (Online)";"2017";"61";"1";"84-87";"2317-6008";"Introdução: A transmissão vertical tem se tornado um desafio de saúde pública, uma vez que a incidência/prevalência do HIV tem aumentado entre as mulheres. O diagnóstico precoce, diretamente relacionado ao pré-natal, é de fundamental importância para a profilaxia e manejo adequado durante o trabalho de parto. Assim, busca-se analisar a eficácia do serviço prestado nessa unidade. Metodologia: Trata-se de um estudo exploratório descritivo com abordagem quantitativa retrospectiva. Utilizaram-se prontuários para o levantamento de dados sobre o perfil epidemiológico de gestantes HIV positivas e dos seus neonatos em um hospital de referência no período de 2012-2013. Resultados: A faixa etária variou de 15 a 44 anos, com média de 29 anos. A profissão mais frequente foi ""do lar"", sendo que 70% das pacientes tinham ensino fundamental incompleto e 75% eram solteiras. Quanto à paridade, a média foi de três gestações. O pré-natal variou de 1-14 consultas, com média de oito. A idade gestacional média foi de 38,5 semanas e a via de parto foi 100% cesárea. Quanto aos neonatos, a média de peso ao nascer foi de 2965g, o comprimento médio foi de 47,3cm e o APGAR no quinto minuto foi nove. A totalidade dos recém-nascidos recebeu quimioprofilaxia adequada nas primeiras horas de vida e fez-se uso exclusivo de fórmula infantil. Conclusão: O serviço de referência está qualificado, pois não houve alterações clínicas consideráveis com as pacientes soropositivas e com seus neonatos. Ademais, a totalidade deles teve quimioprofilaxia adequada em tempo hábil, consistindo em cuidados prudentes durante e após o nascimento (AU)";"Gestante; HIV positive; HIV positivo; Neonato; Newborn; Pregnancy; Profilaxia; Prophylaxis";"";"";"";"";"pt";"JOUR";"http://www.amrigs.org.br/revista/61-01/17_1660_Revista%20AMRIGS.pdf"
"bvs";"";"";"Prevalência de enterobactérias produtoras de Klebsiella pneumoniae carbapenemase em culturas de vigilância epidemiológica em unidade de terapia intensiva de um hospital de ensino de Minas Gerais";"Garcia, Patrícia Guedes; da Silva, Isabela Aparecida Ribeiro; Damianse, Laura Alcantara; de Oliveira, Leonardo Romaniello Gama; de Azevedo, Rafael Andrade Schettino";"HU rev";"2017";"43";"3";"199-203";"0103-3123";"O crescente aumento de bactérias multirresistentes no ambiente hospitalar e a falta de opções terapêuticas a curto e médio prazo tem se tornado um grande desafio para o controle das infecções relacionadas à assistência à saúde. As infecções por enterobactérias produtoras de Klebsiella pneumoniae carbapenemase (KPC), vem se destacando como a de maior risco para os pacientes debilitados que internam nas Unidades de Terapia Intensiva (UTIs). O objetivo do trabalho foi identificar a prevalência de KPC em culturas de vigilância epidemiológica de amostras de swab retal de pacientes internados nas UTI´s adulto, neonatal e pediátrica de um Hospital de Ensino de Minas Gerais, no período de janeiro a julho de 2014. Realizou-se um estudo transversal descritivo retrospectivo onde os dados foram analisados a partir dos registros dos livros do laboratório de microbiologia do hospital. Este estudo foi aprovado pelo Comitê de Ética e Pesquisa número do parecer 948.342. Foram analisadas 422 amostras de swab retal, sendo que 367 (86,9%) eram provenientes das UTIs adulto e 55 (13%) da UTI neonatal e pediátrica. Foram positivas para KPC 31 (7,3%) das quais 21 eram da UTI adulto e 10 da UTI neonatal e pediátrica. Das 31 culturas positivas para KPC uma (3%) foi em Escherichia coli, quatro (13%) em Enterobacter sp e 26 (84%) em Klebsiella pneumoniae. A detecção laboratorial de enterobactérias produtoras de KPC exprime a importância das culturas de vigilância epidemiológica na rotina como medida de prevenção e controle da disseminação desses microrganismos multirresistentes, principalmente nas UTIs.";"Enterobacteriaceae. Intensive Care Units. Epidemiological Monitoring. Carbapenem-Resistant Enterobacteriaceae.; Enterobacteriaceae. Unidade de Terapia Intensiva. Monitoramento Epidemiológico. Enterobacteriáceas Resistentes a Carbapenêmicos.";"";"";"";"";"pt";"JOUR";"https://hurevista.ufjf.emnuvens.com.br/hurevista/article/view/2744/pdf"
"bvs";"";"";"Curso de vida e função cognitiva na vida adulta: estudo longitudinal de saúde do adulto (ELSA-BRASIL), 2008-2010";"Araujo, Larissa Fortunato";"";"2015";"";"";"138-138";"";"Introdução: Evidências indicam que o declínio cognitivo com o envelhecimento é resultado de um processo patológico que se inicia por volta dos 45 anos de idade. Com o crescente envelhecimento populacional brasileiro, as doenças neurodegenerativas tem se tornado cada vez mais um problema de saúde pública por estarem relacionadas a maior dependência e mortalidade nessa população. O estudo de marcadores de risco que afetam o desempenho cognitivo ao longo do curso de vida é de grande importância para subsidiar ações e políticas públicas que prolonguem o início do declínio cognitivo e promovam o envelhecimento saudável. Neste campo, destacam-se os estudos de marcadores socioeconômicos, nutricionais e de saúde cardiovascular, incluindo modos de vida e alimentação. Objetivos: A presente tese tem cinco objetivos, a saber: 1)Estimar o efeito independente da baixa escolaridade materna, baixo peso ao nascer e menores comprimentos da perna e do tronco no pior desempenho dos testes de função cognitiva em adultos; 2)Analisar o efeito acumulado da baixa escolaridade materna e dos marcadores nutricionais de desnutrição pregressa no pior desempenho nos testes de função cognitiva em adultos; 3)Explorar o efeito independente da baixa escolaridade materna, menor comprimento de tronco e alto risco para doenças cardiovasculares em 10 anos por meio do Framingham Risk Score no pior desempenho cognitivo global em adultos; 4)Verificar se efeito acumulado de piores condições socioeconômicas e nutricionais no decorrer da vida, bem como do alto risco para doenças cardiovasculares em 10 anos por meio do Framingham Risk Score estão associados ao pior desempenho cognitivo global e em diferentes domínios da função cognitiva em adultos; 5) Analisar a relação do consumo de café nos últimos 12 meses com o desempenho cognitivo global e em diferentes domínios da função cognitiva em adultos e idosos; e 6) Estimar a quantidade de consumo de café por dia que estaria relacionado ao melhor desempenho cognitivo global e em diferentes domínios da função cognitiva em adultos e idosos. Metodologia: A amostra deste estudo é proveniente da linha de base do Estudo Longitudinal de Saúde do Adulto, composta por 15.105 adultos e idosos, servidores públicos em universidades federais e centros de pesquisa, localizados em seis estados brasileiros: Minas Gerais, São Paulo, Rio de Janeiro, Espírito Santo, Bahia e Rio Grande do Sul. Três artigos foram desenvolvidos, no primeiro artigo, as variáveis resposta foram o desempenho em três diferentes testes de função cognitiva categorizados em uma variável binária que comparou o pior decil com os demais decis. Em uma população de adultos (35-64 anos), por meio de regressão logística múltipla estimou a chance de estar no pior decil de desempenho cognitivo ao ser exposto aos seguintes marcadores de condições socioeconômicas e nutricionais de curso de vida: baixa escolaridade materna, baixo peso ao nascer e menores comprimentos de perna e tronco. No segundo artigo, por meio de regressão linear múltipla, foi investigado se a exposição a condições socioeconômicas (baixa escolaridade materna) e nutricionais (menores comprimentos de tronco) desfavoráveis no decorrer da vida e a alto risco para doenças cardiovasculares, estimado por meio do Score de Framingham para o risco de doenças cardiovasculares em 10 anos, estariam associados ao pior desempenho cognitivo global e em três diferentes testes de função cognitiva na vida adulta (35-64 anos). O terceiro artigo estimou por meio de regressão linear múltipla e modelo linear generalizado se o café em categorias de consumo nos últimos 12 meses estaria relacionado ao melhor desempenho cognitivo global e em diferentes domínios cognitivos em adultos e idosos (35-74 anos). Resultados: No primeiro artigo, após mutuo ajuste pelas variáveis de exposição de interesse, observamos que a baixa escolaridade materna esteve associada com um gradiente de dose-resposta a maior chance de pior desempenho em todos os testes de função cognitiva. O baixo peso ao nascer esteve associado a maior chance de pior desempenho no teste de trilha B, já o comprimento do tronco com o teste de fluência verbal semântica e fonêmica, e de trilha B. O comprimento da perna não esteve associado a nenhum teste de função cognitiva. As associações observadas não foram modificadas pela escolaridade atual do participante. No artigo dois, a baixa escolaridade materna, menor comprimento de tronco e alto risco para doenças cardiovasculares estimado por meio do Score de Framingham, estiveram associados ao pior desempenho cognitivo global e nos testes de aprendizado, retenção e reconhecimento de palavras, no teste de fluência verbal semântica e fonêmica e no teste de trilha B em adultos. No artigo três após ajuste pelas condições socioeconômicas, demográficas e de saúde atual, o consumo de maior número de xícaras de café por dia nos últimos 12 meses anteriores a realização dos testes cognitivos esteve associado ao melhor desempenho nos testes de aprendizado, retenção e reconhecimento de palavras, e pior desempenho no teste de trilha B em adultos e idosos. Conclusões: O presente estudo encontrou que a exposição a condições socioeconômicas e nutricionais desfavoráveis no início da vida, representada pela baixa escolaridade materna, baixo peso ao nascer e menor comprimento de tronco, foram associados de forma independente com um pior desempenho nos testes de memória semântica, aprendizado, atenção, controle executivo e linguagem em uma coorte de adultos brasileiros. Nossos resultados sugerem que a escolaridade atual atenua, mas não remove completamente a associação entre piores condições socioeconômicas e nutricionais durante a infância e adolescência e o pior desempenho cognitivo, especialmente no controle executivo. Os resultados encontrados neste estudo são consistentes aos publicados na literatura demonstrando a importância das condições socioeconômicas e nutricionais no início da vida, bem como do risco de doenças cardiovasculares no desempenho cognitivo em adultos. Uma compreensão extensiva dos determinantes sociais e de saúde na cognição requer atenção as exposições desfavoráveis a saúde no decorrer da vida, com especial foco em certos períodos (como na infância, adolescência e início da vida adula) e ao seu efeito acumulado. O consumo de até 4 xícaras de café por dia esteve associado a um melhor desempenho cognitivo relacionado a memória e preveniria o pior desempenho na função executiva em adultos e idosos, mesmo após ajuste pelas variáveis de confusão que poderiam estar associados a um mecanismo de causalidade reversa. Intervenções sociais, nutricionais e materiais em todo o ciclo de vida, e especialmente durante o início da vida, podem impactar substancialmente no envelhecimento saudável.";"";"";"";"";"";"pt";"GEN";"https://repositorio.ufmg.br/handle/1843/BUBD-A2MHTK"
"bvs";"";"10.35563/rmp.v2i1.113";"Manejo de la atonia uterina en un hospital provisional post terremoto. Ica, Perú";"Ybaseta-Medina, Jorge; Rios-Lopez, Karoly; Ajalcriña, Heberth; Ybaseta-Soto, Marjorie; Garamende, Juan; Medina-Atoche, Daniel; Garcia-Cornejo, Katherine; Lizaraso-Chacon, Maritza";"Rev. méd. panacea";"2012";"2";"1";"24-26";"2223-2893";"Se reporta el caso de una mujer de 20 años de edad, sin antecedentes de importancia. Fue admitida en el hospital, en fase activa de trabajo de parto con una gestación de 36 semanas; luego del parto vaginal, presentó hemorragia posparto, compromiso del estado general. A pesar de  las  medidas  físicas  y  farmacológicas  protocolizadas,  continuó  con  hemorragia  profusa  presentando  shock  hipovolémico. Se  administró rápidamente cristaloides a  doble  vía a goteo rápido continuándose con coloides, con adaptación a  las condiciones  del  hospital provisional,  sin demora se  realizó histerectomía  evitándose  morbilidad grave  o mortalidad materna. (AU)";"Hemorragia Posparto; Histerectomía; Mortalidad Materna; Shock Hipovolémico";"";"";"";"";"es";"JOUR";"https://revistas.unica.edu.pe/index.php/panacea/article/view/113/108"
"bvs";"";"";"Avaliação do impacto do Programa Um Milhão de Cisternas Rurais (P1MC) na saúde: ocorrência de diarréia no Agreste Central de Pernambuco";"Luna, Carlos Feitosa";"";"2011";"";"";"207-207";"";"A importância de avaliar o impacto da construção de cisternas no processo de obtenção de água potável em regiões com escassez de abastecimento e carência de condições sanitárias e na redução das taxas de mortalidade infantil associadas a doenças transmitidas pela água faz-se necessário decorrente da insuficiência de estudos que comprovem sua relevância. A pouca produção de conhecimento, no Brasil e no mundo, acerca do impacto da captação e utilização de água de chuva na redução da prevalência de diarréia, especialmente em crianças e idosos, ressalta a importância do P1MC. Este programa promove independência e autonomia na obtenção da água de qualidade, além de permitir possível melhoria na qualidade da saúde e de vida em geral. Para avaliar o impacto do uso da água de cisternas na ocorrência de episódios diarréicos comparando o número e a duração de episódios entre moradores de domicílios com e sem cisternas, foi delineado um estudo longitudinal prospectivo aninhado a um estudo de corte transversal com dois grupos de comparação. Este estudo foi realizado, em 21 municípios do Agreste Central de Pernambuco entre agosto e dezembro de 2007, com período de acompanhamento de 60 dias. A casuística final contou com 1.765 indivíduos onde se obteve em análise bivariada reduções significantes no risco de ocorrência de episódios diarréicos tal como no número e duração dos episódios. A análise multivariada corrobora a importância das cisternas no processo de redução do número de episódios. Assim, a construção de cisternas para armazenamento de água da chuva, estocando-a para os períodos de estiagem, é uma solução simples, economicamente viável e que pode contribuir significativamente no processo de obtenção de água para o consumo humano no Semi-Árido Brasileiro. O estudo constatou que a ocorrência de diarréia, bem como seus indicadores de gravidade - número de episódios e duração da diarréia foram consistentemente maiores entre os residentes de domicílios sem cisternas.";"";"";"";"";"";"pt";"GEN";"http://www.cpqam.fiocruz.br/bibpdf/2011luna-cf.pdf"
"bvs";"";"";"A cidade na perspectiva dos determinantes da saúde";"Jiménez De la Jara, Jorge; Torres Hidalgo, Marisa; Salcedo Hansen, Rodrigo";"";"2011";"";"";"197-214";"";"";"";"";"";"";"";"pt";"GEN";"https://pesquisa.bvsalud.org/portal/resource/pt/lil-756793"
"bvs";"";"";"Mortalidad materna y salud pública: décadas pérdidas. Hemorragia postparto: morbimortalidad que podemos reducir";"Cortés D., Daniel";"Rev. Fac. Med. (Bogotá)";"2010";"58";"3";"167-171";"0120-0011";"Dentro de los temas de salud pública, los referentes a la salud de la mujer son específicamente sensibles para las familias, las comunidades y en general para el desarrollo de todos los países del mundo, dado su impacto no sólo social sino económico y político. Hoy en día el tema de la morbimortalidad materna es una cuestión de gran importancia, no sólo para los médicos y personal de salud e instituciones, sino que también refleja gran preocupación de economistas, políticos, académicos y en general de toda la sociedad y el Estado; debido a su impacto en los índices de desarrollo de cada uno de los países y en indicadores fácilmente medibles, como el índice de desarrollo humano y los índices de desigualdad que reflejan la importancia de estos temas dentro de las prioridades de una nación desarrollada o en vías de desarrollo. Desde hace un tiempo la preocupación se centra en la cuantificación de algunos eventos centinela, como son la morbilidad materna extrema y la mortalidad materna, y en la búsqueda de soluciones integrales en todo el sistema de salud. En este panorama, la salud de las mujeres se ha tornado un tema importante para los sistemas de salud en el mundo como un componente que garantice sus expectativas y necesidades. La Organización Mundial de la Salud (OMS) y Unicef estiman que cerca de 585.000 mujeres mueren cada año debido a complicaciones en el embarazo o parto. La disparidad entre los países en desarrollo y los desarrollados es mayor en cuanto a la mortalidad materna que por cualquier otro índice de salud utilizado comúnmente. Mientras que los niveles de mortalidad infantil son, en promedio, 10 veces mayores en países en desarrollo que en los desarrollados, la mortalidad materna en países en desarrollo es 100 veces más alta que en países industrializados.";"";"";"";"";"";"es";"JOUR";"http://www.scielo.org.co/scielo.php?script=sci_arttext&pid=S0120-00112010000300001&lng=pt&nrm=iso&tlng=es"
"bvs";"";"";"Gravidez após cirurgia bariátrica";"Kondo, William; George, Marco Aurélio de; Branco Filho, Alcides José; Rangel, Marlon; Jorge, Mariana; Garcia, Giovana Jorge";"Femina";"2007";"35";"4";"239-248";"0100-7254";"A obesidade é uma condição crônica que tem se tornado prevalente ao redor do mundo. Os tratamentos clínicos incluem dieta, exercícios, alteração comportamental e uso de medicações. A cirurgia deve ser reservada para os pacientes obesos mórbidos que não respondem às terapias não invasivas para perda de peso. Durante as últimas décadas, a cirurgia bariátrica se expandiu rapidamente e cada vez mais mulheres jovens estão procurando esta forma de tratamento, o que pode causar um aumento no número de gestações após a perda de peso. A gravidez após a cirurgia bariátrica nos traz uma série de questionamentos e preocupações a respeito da gestante e de seu feto. A suplementação nutricional e a monitorização intensiva antes, durante e após a gravidez podem ajudar a evitar complicações relacionadas à nutrição e melhorar a saúde materno-fetal, e os obstetras devem estar preparados para lidar com esse tipo de paciente, que será cada vez mais freqüente na prática diária em um futuro próximo.";"";"";"";"";"";"pt";"JOUR";"https://pesquisa.bvsalud.org/portal/resource/pt/lil-456977"
"bvs";"";"";"Avaliação do volume renal fetal pelo método ultra-sonográfico tridimensional";"Araújo Júnior, Edward; Guimarães Filho, Hélio Antonio; Pires, Cláudio Rodrigues; Zanforlin Filho, Sebastião Marques; Santana, Renato Martins; Moron, Antonio Fernandes";"Rev. méd. Minas Gerais";"2006";"16";"3";"164-169";"0103-880X";"Nos últimos anos, a ultra-sonografia tridimensional tem-se tornado método de extrema importância em Obstetrícia ao aumentar a sensibilidade do ultra-som bidimensional no diagnóstico de malformações fetais. Outra grande contribuição foi permitir o cálculo mais preciso do volume de órgãos fetais, principalmente aqueles com formas irregulares. A avaliação dos rins fetais é de extrema importância no ultra-som pré-natal de rotina, entretanto, a maioria das anomalias são diagnosticadas tardiamente. A avaliação volumétrica tridimensional surge como metodologia promissora para o diagnóstico precoce de distúrbios do crescimento renal. O surgimento do método VOCAL abre perspectivas de avaliações volumétricas mais precisas, que poderá se refletir na melhora dos resultados perinatais. Em nosso meio, em que a disponibilidade de ressonância nuclear magnética está restrita a poucos centros de referência, seria de grande importância a maior difusão do método volumétrico tridimensional, permitindo diagnósticos mais precoces e precisos a custos mais baixos.";"Malformações fetais; Ultra-som tridimensional; Volume renal";"";"";"";"";"pt";"JOUR";"https://pesquisa.bvsalud.org/portal/resource/pt/lil-561535"
"bvs";"";"";"Influência da intolerância à glicose, da raça e do excesso de peso no perfil lipídico em gestantes e suas consequências para a mäe e para o feto";"Britto, Maria Margarida dos Santos";"";"1997";"";"";"vii,121-vii,121";"";"INTRODUÇAO: Observa-se elevaçäo progressiva dos lipídios e fraçöes lipoproteicas durante a gestaçäo. Estudos em gestantes diabéticas e com diabetes mellitus gestacional (DMG) têm mostrado resultados contraditórios. Näo há dados sobre o comportamento do perfil lipídico nas mulheres com intolerância à glicose gestacional (IGG), utilizando-se os parâmetros da OMS. Diferenças nas concentraçöesdos lipídios e lipoproteínas têm sido encontradas entre gestantes de origem africana e caucasiana, Nao encontramos relatos sobre a influência racial no perfil lipídico em gestantes da nossa populaçäo. O excesso de peso corporal tem se tornado um problema de saúde pública mundial. Como sabemos, o sobrepeso pré-gestacional contribui com maior morbidade materna e neonatal; portanto, consideramos um tema de relevante interesse. O crescimento fetal é um processo multifatorial que resulta da relaçäo entre fatores genéticos, ambientais e suprimento materno de substratos. A influência dos níveis lipídicos das gestantes no peso fetal ao nascer (P-RN) permanece controversa. OBJETIVOS: avaliar a influência da intolerância à glicose, da raça e da constituiçäo física materna no perfil lipídico entre 24 e 28 semanas de gestaçäo, determinar o efeito do excesso de peso nos desfechos obstétricos e neonatais, bem como, o efeito das variavéis independentes no P-RN. DESENHO DO ESTUDO: coorte, observacional prospectivo. MATERIAL e MÉTODOS: 219 gestantes foram observadas com 20 ou mais anos de idade, sem diabetes prévio. Após ser efetuada antropometria, as gestantes realizaram TTG oral (OMS) e coleta de soro para as determinaçöes lipídicas. Dados da evoluçäo clínica da gestaçäo, do parto e morbimortalidade neonatal foram obtidos dos prontuários. As concentraçöes de glicose, colesterol total (CT), triglicerídeos (TG) e HDL-c foram determinadas por método enzimático-colorimétrico. Os níveis de LDL-c foram calculados pela equaçäo de Friedewald. RESULTADOS: a média das concentraçöes de LDL-c e da razäo CT/HDL-c nas gestantes com IGG foi significativamente menor do que na populaçäo com tolerância normal à glicose (TNG) (p=0,03 e 0,05). As concentraçöes médias do CT também foram menores nas gestantes com IGG sendo a significância limítrofe (p=0,06). Já os TG foram inferiores nas gestantes com IGG mas näo houve significância estatística...";"";"";"";"";"";"pt";"GEN";"https://pesquisa.bvsalud.org/portal/resource/pt/lil-217792"
"bvs";"";"";"Acidentes na infancia";"Del Ciampo, Luiz Antonio; Ricco, Rubens Garcia";"Pediatria (Säo Paulo)";"1996";"18";"4";"193-7";"0101-3858";"Os acidentes tem se tornado, ao longo dos ultimos anos, um importante problema da saude publica, ocupando papel de destaque nas estatisticas de morbidade e mortalidade infantil em todo o mundo. Principalmente nos paises subdesenvolvidos o tema ""Prevencao de Acidentes"" deve ser considerado como prioritario, exigindo maior discussao e divulgacao desse importante agravo a saude infantil";"";"";"";"";"";"pt";"JOUR";"https://pesquisa.bvsalud.org/portal/resource/pt/lil-195652"
"bvs";"";"";"Valores de la arteria en el puerperio inmediato, comparación entre un grupo de gestantes hipetensas y un grupo de gestantes normotensas";"Sukerman Voldman, Efrain; Christina Guardia, María; Guerra, Samuel; Araujo, Marianella; Serbanescu, Ricardo; Rodríguez, Rafael";"Rev. obstet. ginecol. Venezuela";"1995";"55";"1";"27-30";"0048-7732";"Se estudiaron 393 casos de embarazadas que ingresaron en trabajo de parto en la maternidad del Hsopital Central de Valencia, 100 de ellas eran hipertensas y 239 normotensas. Se evaluaron las presiones arteriales a las 24 horas del puerperio y al momento del egreso. El 72 por ciento de las pacientes que ingresaron con tensión alta normalizaron sus cifras el egreso sin haber recibido medicación hipotensora y el 3 por ciento de las normotensas presentaron hipertensión al momento del alta obstétrica. Se concluye en la importancia de la toma correcta de la presión arterial al ingreso de las pacientes, lo que permitirá una vigilancia más estricta en las primeras 24 horas post-parto, cuando suelen ocurrir las mayores modificaciones en cualquiera de las formas";"";"";"";"";"";"es";"JOUR";"https://pesquisa.bvsalud.org/portal/resource/pt/lil-162542"
"bvs";"";"";"Cooperación Andina en salud";"Organización Panamericana de la Salud";"";"1991";"";"";"24-24";"";"";"";"";"";"";"";"es";"GEN";"https://pesquisa.bvsalud.org/portal/resource/pt/lil-369809"
